{"cameraMode":{"drawMode":0,"name":"Shaded","section":"Shading Mode"},"sceneLighting":false,"audioPlay":false,"sceneViewState":{"m_AlwaysRefresh":false,"showFog":true,"showSkybox":false,"showFlares":true,"showImageEffects":true,"showParticleSystems":true,"showVisualEffectGraphs":true,"m_FxEnabled":true},"in2DMode":false,"pivot":{"x":3.5762786865234377e-7,"y":0.0629572868347168,"z":-0.03892922401428223},"rotation":{"x":0.05616709589958191,"y":0.9225030541419983,"z":-0.14800630509853364,"w":0.3516034483909607},"size":1.7332603931427003,"orthographic":false}