{"cameraMode":{"drawMode":0,"name":"Shaded","section":"Shading Mode"},"sceneLighting":false,"audioPlay":false,"sceneViewState":{"m_AlwaysRefresh":false,"showFog":true,"showSkybox":false,"showFlares":true,"showImageEffects":true,"showParticleSystems":true,"showVisualEffectGraphs":true,"m_FxEnabled":true},"in2DMode":false,"pivot":{"x":0.23252911865711213,"y":0.43502649664878847,"z":0.2729426324367523},"rotation":{"x":0.04053286835551262,"y":0.6982381343841553,"z":-0.04001748561859131,"w":0.7133780121803284},"size":2.0855939388275148,"orthographic":false}