{"cameraMode":{"drawMode":0,"name":"Shaded","section":"Shading Mode"},"sceneLighting":false,"audioPlay":false,"sceneViewState":{"m_AlwaysRefresh":false,"showFog":true,"showSkybox":false,"showFlares":true,"showImageEffects":true,"showParticleSystems":true,"showVisualEffectGraphs":true,"m_FxEnabled":true},"in2DMode":false,"pivot":{"x":10.198981285095215,"y":0.035218894481658939,"z":-8.766080856323243},"rotation":{"x":0.22080834209918977,"y":-0.6619243621826172,"z":0.21317705512046815,"w":0.6836626529693604},"size":0.18511062860488892,"orthographic":false}