{"cameraMode":{"drawMode":0,"name":"Shaded","section":"Shading Mode"},"sceneLighting":false,"audioPlay":false,"sceneViewState":{"m_AlwaysRefresh":false,"showFog":true,"showSkybox":false,"showFlares":true,"showImageEffects":true,"showParticleSystems":true,"showVisualEffectGraphs":true,"m_FxEnabled":true},"in2DMode":false,"pivot":{"x":0.00013974308967590332,"y":0.2542213797569275,"z":0.10071486234664917},"rotation":{"x":0.12255269289016724,"y":0.688991367816925,"z":-0.12014215439558029,"w":0.7039394974708557},"size":2.0436341762542726,"orthographic":false}