{"cameraMode":{"drawMode":0,"name":"Shaded","section":"Shading Mode"},"sceneLighting":false,"audioPlay":false,"sceneViewState":{"m_AlwaysRefresh":false,"showFog":true,"showSkybox":false,"showFlares":true,"showImageEffects":true,"showParticleSystems":true,"showVisualEffectGraphs":true,"m_FxEnabled":true},"in2DMode":false,"pivot":{"x":-1.1614922285079957,"y":0.024099519476294519,"z":-0.1845909059047699},"rotation":{"x":0.10865936428308487,"y":-0.678793728351593,"z":0.10255630314350128,"w":0.7187484502792358},"size":2.0436341762542726,"orthographic":false}