{"cameraMode":{"drawMode":0,"name":"Shaded","section":"Shading Mode"},"sceneLighting":false,"audioPlay":false,"sceneViewState":{"m_AlwaysRefresh":false,"showFog":true,"showSkybox":false,"showFlares":true,"showImageEffects":true,"showParticleSystems":true,"showVisualEffectGraphs":true,"m_FxEnabled":true},"in2DMode":false,"pivot":{"x":0.9763351678848267,"y":2.4759414196014406,"z":-2.6375532150268556},"rotation":{"x":0.21053040027618409,"y":-0.30565300583839419,"z":0.06919502466917038,"w":0.925833523273468},"size":0.866025447845459,"orthographic":false}