{"cameraMode":{"drawMode":0,"name":"Shaded","section":"Shading Mode"},"sceneLighting":true,"audioPlay":false,"sceneViewState":{"m_AlwaysRefresh":false,"showFog":true,"showSkybox":true,"showFlares":true,"showImageEffects":true,"showParticleSystems":true,"showVisualEffectGraphs":true,"m_FxEnabled":true},"in2DMode":false,"pivot":{"x":6.056683540344238,"y":2.6425726413726808,"z":1.6315772533416749},"rotation":{"x":0.0012483441969379783,"y":-0.7591180801391602,"z":0.0009025195613503456,"w":0.6507372260093689},"size":2.0821053981781008,"orthographic":false}