{"cameraMode":{"drawMode":0,"name":"Shaded","section":"Shading Mode"},"sceneLighting":true,"audioPlay":false,"sceneViewState":{"m_AlwaysRefresh":false,"showFog":true,"showSkybox":true,"showFlares":true,"showImageEffects":true,"showParticleSystems":true,"showVisualEffectGraphs":true,"m_FxEnabled":true},"in2DMode":false,"pivot":{"x":-2.8427793979644777,"y":2.1036641597747804,"z":1.4249882698059083},"rotation":{"x":0.06281851977109909,"y":0.6439787149429321,"z":-0.05331568419933319,"w":0.7604004144668579},"size":1.7332603931427003,"orthographic":false}