{"cameraMode":{"drawMode":0,"name":"Shaded","section":"Shading Mode"},"sceneLighting":true,"audioPlay":false,"sceneViewState":{"m_AlwaysRefresh":false,"showFog":true,"showSkybox":true,"showFlares":true,"showImageEffects":true,"showParticleSystems":true,"showVisualEffectGraphs":true,"m_FxEnabled":true},"in2DMode":false,"pivot":{"x":-1.4761607646942139,"y":1.3628530502319337,"z":0.8688726425170898},"rotation":{"x":0.12255269289016724,"y":0.688991367816925,"z":-0.12014215439558029,"w":0.7039394974708557},"size":1.4139372110366822,"orthographic":false}