{"cameraMode":{"drawMode":0,"name":"Shaded","section":"Shading Mode"},"sceneLighting":true,"audioPlay":false,"sceneViewState":{"m_AlwaysRefresh":false,"showFog":true,"showSkybox":true,"showFlares":true,"showImageEffects":true,"showParticleSystems":true,"showVisualEffectGraphs":true,"m_FxEnabled":true},"in2DMode":false,"pivot":{"x":-0.39935803413391116,"y":23.732999801635743,"z":137.32025146484376},"rotation":{"x":-0.04198671504855156,"y":-0.0044960398226976398,"z":-0.00018951013043988496,"w":0.9990943670272827},"size":124.88240051269531,"orthographic":false}