{"cameraMode":{"drawMode":0,"name":"Shaded","section":"Shading Mode"},"sceneLighting":true,"audioPlay":false,"sceneViewState":{"m_AlwaysRefresh":false,"showFog":true,"showSkybox":true,"showFlares":true,"showImageEffects":true,"showParticleSystems":true,"showVisualEffectGraphs":true,"m_FxEnabled":true},"in2DMode":false,"pivot":{"x":8.951132774353028,"y":1.8302464485168458,"z":0.142255961894989},"rotation":{"x":0.030563725158572198,"y":-0.7551592588424683,"z":0.03501104563474655,"w":0.6536656022071838},"size":0.9676028490066528,"orthographic":false}