{"cameraMode":{"drawMode":0,"name":"Shaded","section":"Shading Mode"},"sceneLighting":true,"audioPlay":false,"sceneViewState":{"m_AlwaysRefresh":false,"showFog":true,"showSkybox":true,"showFlares":true,"showImageEffects":true,"showParticleSystems":true,"showVisualEffectGraphs":true,"m_FxEnabled":true},"in2DMode":false,"pivot":{"x":10.003179550170899,"y":1.703595519065857,"z":2.1269383430480959},"rotation":{"x":0.07732443511486054,"y":-0.2289918065071106,"z":0.018048768863081933,"w":0.9700326919555664},"size":0.9676028490066528,"orthographic":false}