{"cameraMode":{"drawMode":0,"name":"Shaded","section":"Shading Mode"},"sceneLighting":true,"audioPlay":false,"sceneViewState":{"m_AlwaysRefresh":false,"showFog":true,"showSkybox":true,"showFlares":true,"showImageEffects":true,"showParticleSystems":true,"showVisualEffectGraphs":true,"m_FxEnabled":true},"in2DMode":false,"pivot":{"x":-14.559868812561036,"y":4.99238395690918,"z":-7.635536193847656},"rotation":{"x":0.36482104659080508,"y":0.005521776154637337,"z":-0.0025562364608049394,"w":0.9309312701225281},"size":12.350057601928711,"orthographic":false}