{"cameraMode":{"drawMode":0,"name":"Shaded","section":"Shading Mode"},"sceneLighting":true,"audioPlay":false,"sceneViewState":{"m_AlwaysRefresh":false,"showFog":true,"showSkybox":true,"showFlares":true,"showImageEffects":true,"showParticleSystems":true,"showVisualEffectGraphs":true,"m_FxEnabled":true},"in2DMode":false,"pivot":{"x":11.042163848876954,"y":10.953296661376954,"z":-15.762035369873047},"rotation":{"x":-0.23352235555648805,"y":0.10099441558122635,"z":-0.024048425257205964,"w":-0.9666689038276672},"size":3.0413818359375,"orthographic":false}