{"cameraMode":{"drawMode":0,"name":"Shaded","section":"Shading Mode"},"sceneLighting":false,"audioPlay":false,"sceneViewState":{"m_AlwaysRefresh":false,"showFog":true,"showSkybox":false,"showFlares":true,"showImageEffects":true,"showParticleSystems":true,"showVisualEffectGraphs":true,"m_FxEnabled":true},"in2DMode":false,"pivot":{"x":0.00013965368270874023,"y":0.2542213797569275,"z":0.10071486234664917},"rotation":{"x":0.31140878796577456,"y":0.08314378559589386,"z":-0.02747104875743389,"w":0.9460683465003967},"size":2.0436341762542726,"orthographic":false}